PID,Image,Gender
0,4o_DA,Man
0,4o_DB,Man
0,4o_MA,Man
0,4o_MB,Man
1,4o_DA,Man
1,4o_DB,Man
1,4o_MA,Man
1,4o_MB,Man
3,4o_DA,Woman
3,4o_DB,Woman
3,4o_MA,Woman
3,4o_MB,Woman
4,4o_DA,Woman
4,4o_DB,Woman
4,4o_MA,Woman
4,4o_MB,Woman
5,4o_DA,Man
5,4o_DB,Man
5,4o_MA,Man
5,4o_MB,Man
6,4o_DA,Woman
6,4o_DB,Woman
6,4o_MA,Woman
6,4o_MB,Woman
7,4o_DA,Man
7,4o_DB,Man
7,4o_MA,Man
7,4o_MB,Man
8,4o_DA,Man
8,4o_DB,Man
8,4o_MA,Man
8,4o_MB,Man
10,4o_DA,Man
10,4o_DB,Man
10,4o_MA,Man
10,4o_MB,Man
11,4o_DA,Man
11,4o_DB,Man
11,4o_MA,Man
11,4o_MB,Man
12,4o_DA,Man
12,4o_DB,Man
12,4o_MA,Man
12,4o_MB,Man
13,4o_DA,Man
13,4o_DB,Woman
13,4o_MA,Woman
13,4o_MB,Woman
14,4o_DA,Woman
14,4o_DB,Man
14,4o_MA,Woman
14,4o_MB,Man
15,4o_DA,Woman
15,4o_DB,Man
15,4o_MA,Man
15,4o_MB,Woman
16,4o_DA,Man
16,4o_DB,Man
16,4o_MA,Woman
16,4o_MB,Woman
17,4o_DA,Man
17,4o_DB,Man
17,4o_MA,Man
17,4o_MB,Man
18,4o_DA,Woman
18,4o_DB,Man
18,4o_MA,Woman
18,4o_MB,Woman
19,4o_DA,Man
19,4o_DB,Man
19,4o_MA,Man
19,4o_MB,Man
20,4o_DA,Woman
20,4o_DB,Woman
20,4o_MA,Woman
20,4o_MB,Woman
21,4o_DA,Man
21,4o_DB,Woman
21,4o_MA,Woman
21,4o_MB,Woman
22,4o_DA,Man
22,4o_DB,Man
22,4o_MA,Man
22,4o_MB,Man
23,4o_DA,Woman
23,4o_DB,Woman
23,4o_MA,Woman
23,4o_MB,Man
24,4o_DA,Man
24,4o_DB,Man
24,4o_MA,Man
24,4o_MB,Man
25,4o_DA,Man
25,4o_DB,Man
25,4o_MA,Man
25,4o_MB,Man
26,4o_DA,Woman
26,4o_DB,Woman
26,4o_MA,Woman
26,4o_MB,Woman
27,4o_DA,Man
27,4o_DB,Man
27,4o_MA,Woman
27,4o_MB,Man
28,4o_DA,Man
28,4o_DB,Man
28,4o_MA,Woman
28,4o_MB,Woman
29,4o_DA,Woman
29,4o_DB,Woman
29,4o_MA,Woman
29,4o_MB,Woman
30,4o_DA,Woman
30,4o_DB,Woman
30,4o_MA,Woman
30,4o_MB,Woman
31,4o_DA,Man
31,4o_DB,Woman
31,4o_MA,Woman
31,4o_MB,Woman
32,4o_DA,Woman
32,4o_DB,Woman
32,4o_MA,Man
32,4o_MB,Woman
33,4o_DA,Man
33,4o_DB,Man
33,4o_MA,Man
33,4o_MB,Man
34,4o_DA,Woman
34,4o_DB,Man
34,4o_MA,Woman
34,4o_MB,Man
35,4o_DA,Man
35,4o_DB,Man
35,4o_MA,Man
35,4o_MB,Man
36,4o_DA,Woman
36,4o_DB,Woman
36,4o_MA,Woman
36,4o_MB,Woman
37,4o_DA,Woman
37,4o_DB,Woman
37,4o_MA,Woman
37,4o_MB,Woman
38,4o_DA,Woman
38,4o_DB,Woman
38,4o_MA,Woman
38,4o_MB,Woman
39,4o_DA,Woman
39,4o_DB,Woman
39,4o_MA,Woman
39,4o_MB,Woman
40,4o_DA,Man
40,4o_DB,Man
40,4o_MA,Man
40,4o_MB,Man